{
  "image_width": 848,
  "image_height": 480,
  "frame_id": "camera_color_optical_frame",
  "distortion_model": "plumb_bob",
  "camera_matrix": [
    [416.9289855957031, 0.0, 426.3268127441406],
    [0.0, 416.4921569824219, 242.12405395507812],
    [0.0, 0.0, 1.0]
  ],
  "dist_coeffs": [
    -0.058166466653347015,
    0.07234824448823929,
    -0.00023937456717249006,
    0.0006794747896492481,
    -0.02337656170129776
  ],
  "rectification_matrix": [
    [1.0, 0.0, 0.0],
    [0.0, 1.0, 0.0],
    [0.0, 0.0, 1.0]
  ],
  "projection_matrix": [
    [416.9289855957031, 0.0, 426.3268127441406, 0.0],
    [0.0, 416.4921569824219, 242.12405395507812, 0.0],
    [0.0, 0.0, 1.0, 0.0]
  ]
}
